title_id,title,subreddit
133w1df,OpenRazer Release v3.6.0,linux_gaming
133vc0r,The Share of Linux Distros Used for Gaming from 2018 to 2023,linux_gaming
133uebj,I have two Linux computers which I use for gaming.... somehow the one with slightly inferior hardware gets significantly better performance. I'm trying to figure out why... any ideas?,linux_gaming
133hr87,"Steam Deck Launch in Japan Stores, in Video",linux_gaming
133wpax,PPSSPP v1.15 Brings Much Faster Shader Compilation to Reduce Stutters,linux_gaming
133zc2h,Dead by Daylight on Steam now works on Linux with no tinkering.,linux_gaming
133u5d0,How to disable integrated AMD GPU to force use of discrete AMD GPU?,linux_gaming
132yofk,Steam Deck Launches in Stores in Japan â€“ Full Coverage,linux_gaming
133tzd7,120hz really is my sweet spot,linux_gaming
1340eer,Wine subreddit,linux_gaming
133svqg,Need help in investigating a SSD failure,linux_gaming
133idta,Is X4: Kingdom End worth your money?,linux_gaming
133vnuq,Only guest screen in ubuntu,linux_gaming
133yv45,How to check graphics card temperature?,linux_gaming
133ykbj,Lutris not detecting my GPU,linux_gaming
133xfew,7900xtx white screen,linux_gaming
133qbni,horrible fps in old games on linux mint,linux_gaming
1336gah,How to â€˜Checkâ€™ My Steam Library for a Linux Switch?,linux_gaming
132em41,8-year-old Steam Linux Client bug just got fixed,linux_gaming
133il4u,Which recent games have a good benchmark tool?,linux_gaming
133lr0a,how to run wine or proton through wayland,linux_gaming
133k23f,key 2 joy options?,linux_gaming
133mtr1,"Best Steam Deck Games Released in the Past Week With Mega Man Battle Network, Sifu and Kujlevka â€“ 2023-04-30 Edition",linux_gaming
133t6bc,What distro should I be looking to use with a RX 7900XT?,linux_gaming
133d3hc,Weird glitch on MangoHUD/Goverlay,linux_gaming
133uqj5,what distro for GTX1070,linux_gaming
133mvv5,How to run a game with Unity on F37 ?,linux_gaming
1335wqv,I've recently added Storyline Integration and a Gameplay Genre Overhaul to my RTS game!,linux_gaming
133r9w8,The 15 Best MMOs That You Can Play on Linux in 2023,linux_gaming
1330tg1,Is the AMD experience really that much better than Nvidia?,linux_gaming
133lu2t,Steam download speeds always suck nowâ€¦,linux_gaming
133fhfy,Wii Remote not Connecting with Linux Mint,linux_gaming
1330j26,Steam games don't launch when in another drive,linux_gaming
1337irk,controller not detected in steam but detected in system,linux_gaming
133egdu,Heroic Launcher,linux_gaming
132tc15,Confusion around AMD Graphics,linux_gaming
1332a1g,Testing combat with some spaceships in my game,linux_gaming
132h4ta,"@GamersNexus: ""We have been able to reproduce a catastrophic failure resulting in the motherboard self-immolating while we were running external current logging, thermography, and direct VSOC leads to a DMM. The issue involves incompetence on many levels. Video script being finalized now.""",linux_gaming
1337moi,Is there a website that tells me what redistributables a game requires?,linux_gaming
133702t,"EA Desktop, not enough space available to install games because the program doesn't recognize external partitions/disks.",linux_gaming
133b97z,Apex Legends not working (Arch),linux_gaming
1332bxz,"Correct executable path for SLADE, the DOOM map editor?",linux_gaming
13352fk,Using vkBasalt on csgo could be considered cheating?,linux_gaming
132z991,Xbox Elite 2 Controller wireless cant connect through Bluetooth,linux_gaming
132kct8,New steamui bug.,linux_gaming
1336u1d,How to install old libraries on OTHER distro's than Debian?,linux_gaming
131plg2,"I made a fun and memorable main menu for my builder game, what do you think? ðŸ˜Š",linux_gaming
132nbs0,I updated my gravity puzzle game ROTA with new characters and visuals! How is the trailer? (:,linux_gaming
133bzl9,Coffee Talk Episode 2 [Part 2],linux_gaming
1333h89,Can my machine run Vulkan and game with Linux? Asus Q550LF,linux_gaming
13331rs,No RT or DLSS with 4070 and prop drivers,linux_gaming
1338a6x,how do I fix gta 5 lag?,linux_gaming
132mim5,How to setup correctly icons for new Steam Beta?,linux_gaming
1331z6i,I want to use my dGPU to run Minecraft,linux_gaming
131l992,"Valve Issues A Big Steam Beta Update With Better Overlay, Linux Hardware Acceleration",linux_gaming
132nqod,Which proton version might work for Sinbad: Legend of the Seven Seas 2003 (Windows),linux_gaming
132tevb,Questions About Linux,linux_gaming
132ta6f,Map Games folder to specific SSD,linux_gaming
132sxwh,Jedi Survivor on EA app,linux_gaming
131z7y2,Why do some games have Linux versions on Steam but not on other stores?,linux_gaming
132qapy,The Last of Us part 1 PC D3D 12_0 level required on steam,linux_gaming
131acyg,Steam News - Steam Desktop Update,linux_gaming
13351b8,Looking for a community,linux_gaming
13238mg,"Thanks for all your support over the years! My once-hobby-now-job Colony Builder, World Turtles is currently #3 on Steam's Popular Upcoming list and launches into Early Access on 1 May. Happy to answer questions.",linux_gaming
132712w,GOG are doing a Good Old Games Week sale,linux_gaming
132781y,Giving away 3D printed Tux ear covers for SteelSeries Arctis Pro Wireless,linux_gaming
132ek5r,Almost no stuttering with latest Linux kernel version 6 and Mesa AMD driver,linux_gaming
13286er,"Is ""radeon"" AMD drivers open source?",linux_gaming
132brqy,GPU choice advice,linux_gaming
132og36,How to Claim titles u got with hardware?,linux_gaming
131gxin,"Gaming on Linux is actually good, but patience is needed",linux_gaming
130wzvl,I made a partially open-source alternative to the Steam Client,linux_gaming
132g8od,When running games in exclusive Fullscreen a 1 mm sliver shows up on my second monitor how do I fix this?,linux_gaming
132orb2,Ubuntu (GNOME) V.S. Nobara - Fedora (GNOME),linux_gaming
131kpny,Charming monster collector 'Cassette Beasts' is out now,linux_gaming
132dmp2,How can I enable G-Sync/FreeSync on Nvidia upon entering my X-session/starting the PC?,linux_gaming
132dfyl,You guys reckon alvr on linux is comparable to alvr on windows? Virtual desktop?,linux_gaming
132deal,Halo Infinite server connection fixed?,linux_gaming
132d0v0,Fallout 76 hangs on quit,linux_gaming
131hxv9,"Star Wars: Jedi Survivor is run with Proton Experimental, RX580, Mesa 23.1.0-devel",linux_gaming
131zke4,Alien Arena on Ubuntu and Debian,linux_gaming
131di6v,"Debian 12.0 ""Bookworm"" Planned For Release On 10 June",linux_gaming
132km2v,Linux Desktop Environment | Best For Gaming - YouTube,linux_gaming
1327evz,any tool to grab in-game highlights automatically on linux?,linux_gaming
13270ge,Dust off your game dev environment with the Linux Game Jam 2023,linux_gaming
13269yo,Cloud saves in Heroic Launcher,linux_gaming
131l9e1,Cities: Skylines final expansion announced for May 23rd,linux_gaming
1324qdd,no such file or directory: ./csgo_linux64,linux_gaming
1324f1x,Heroic game's launcher take II?,linux_gaming
131b150,What are things you wish you knew about gaming on Linux when you started gaming on Linux?,linux_gaming
131rmna,Would the performance increase if current Mesa drivers are installed on old GPUs?,linux_gaming
131pxcj,"TerraTech F2P weekend till 30áµ—Ê° Apr 2023, 17:00 UTC",linux_gaming
132at1s,Suggestions requested for the best Linux Distro for my particular personality and use-case,linux_gaming
131tcop,What does (Compatibility Profile) mean in glfxinfo?,linux_gaming
1322u39,diablo issues,linux_gaming
131kn40,Can't get sunshine game streaming working,linux_gaming
130tvdu,New Intel Linux Graphics Driver Patches Allow Tuning For Up To 10~15% Better Performance,linux_gaming
131psxz,"Lil Alligator: Back to Childhood, Review on Linux and Steam Deck",linux_gaming
130bxpw,What will happen to linux gaming if the wave of Windows based new handheld devices (like Asus Ally with AMD Z1) gain major market share?,linux_gaming
130m86a,"I've been gaming on KDE Wayland with a NVIDIA GPU for a month, here are my thoughts",linux_gaming
130yt3a,Proton Experimental upgraded for April 26th brings fixes and new game support,linux_gaming
131yt7z,Steam won't read or acknowledge my steam gamed folder on a separate nvme drive.,linux_gaming
130i8gj,Godot Showcase - Cassette Beasts,linux_gaming
131sz31,AtlasOS a bridge?,linux_gaming
130updn,I'm making a point-and-click game about an alien cat. Underwater location. We make Linux versions of our games.,linux_gaming
131oonz,High CPU Temp with wine,linux_gaming
1319ioi,Linux Game Jam 2023 sign-ups are now open,linux_gaming
131939f,Linux AMD Radeon RX 6600 XT - Psychonauts 2 (Native),linux_gaming
131gs67,Terrifying (yet hilarious) Ironsight bug,linux_gaming
131g3o7,Xbox-like controller recognized as a Nintendo Switch Pro controller when having a game open,linux_gaming
130ypmv,"Valheim is getting siege weapons, fortresses and fearsome foes",linux_gaming
131qxvp,ROG ALLY Panel | VP Asus Gaming | CVP Microsoft Gaming | Xbox Game Pass Integration | AMD Gaming,linux_gaming
131epnv,I want to get started with Linux gaming- advises?,linux_gaming
131lzid,How can I add additional lettered drives in Proton?,linux_gaming
12zqtsc,pulseshitter: An overengineered workaround to Discord not supporting audio when screensharing on Linux.,linux_gaming
12zex3t,UK blocks Microsoft Activision Blizzard deal,linux_gaming
130eneu,Dualsense and Linux?,linux_gaming
130jghr,cant compile reVC on low end pc,linux_gaming
130gjz5,"Suggestions for FPS games - having 4070 ti, ryzen 9 7950x",linux_gaming
13145ef,"so im trying to get minecraft to work on my chromebook using linux, but im having an issue.",linux_gaming
130d0jg,Is there a good driving simulator for linux?,linux_gaming
131ki9t,Which Arch distro should I use for gaming?,linux_gaming
131dhm3,Play older Minecraft Bedrock versions on linux,linux_gaming
131a5qt,How to install mods for Sonic Frontiers on Linux desktop?,linux_gaming
1319kip,Skyrim modding,linux_gaming
1319hnk,New GPU (6700XT) performing very poorly,linux_gaming
130yu3b,Cities: Skylines final expansion announced for May 23rd,linux_gaming
130ymwj,I'm the only one who Big Picture in Steam STILL is not working? (Blank screen),linux_gaming
1319bch,Can you play games that you installed under Windows in Linux too?,linux_gaming
1313s60,Crysis remastered DLSS,linux_gaming
13132rc,Heroic doesnt detect wine/proton Versions on another user on my PC(Linux Mint 21.1 Cinnamon),linux_gaming
130nde7,Is Rust playable on Linux?,linux_gaming
13148sr,How could i create a bash script that can recognize whatever directory its in?,linux_gaming
12zq79m,Looking for a linux friendly MMORPG where my wife can fish......,linux_gaming
130yw8p,"Street Fighter 6 on Steam Deck and Linux tested, Valve sets it to Proton Experimental",linux_gaming
130hjzd,Thinking about moving to linux gaming with Intel Xe Graphics or Radeon Vega 8. Opinions?,linux_gaming
130n3xz,DS4 Wireless Lutris (Wine) Support,linux_gaming
130fbo4,Gaming on Linux EP#88: Farlight 84 | Steam | F2P | 3700X 6600XT,linux_gaming
130e2md,"Viewfinder, New Demo of a Mind-Bending Game on Linux (Proton)",linux_gaming
130jhss,Steam + Returnal + PS5 controller over Bluetooth - do the adaptive triggers work?,linux_gaming
13012rz,The newest wine-tkg version has significant improvements for GPL shader compiling,linux_gaming
130d96a,Good CoD/Battlefield Alternative?,linux_gaming
130ctw5,Garry's Mod Crash,linux_gaming
1310uk6,Is using bottles safe and reliable for kernels?,linux_gaming
1306m8m,Coffee Talk Episode 2 in Linux!,linux_gaming
12zew1f,OBS Studio 29.1 Release Candidate 1,linux_gaming
1300owk,Screen flickering after vram OC but only when framerate set higher than 120 in settings,linux_gaming
12zd24b,New Steam Games with Native Linux Clients with Teslagrad Remastered and Hush Hush â€“ 2023-04-26 Edition,linux_gaming
130a437,Tetris Effect: Connected freezing for a minute or so then crashing.,linux_gaming
1307e50,AntiMicroX virtual Steam Gamepad,linux_gaming
12ysmfy,Improved Wine gaming with exeCute,linux_gaming
130kz8c,Save 65% on Bayonetta on Steam,linux_gaming
130a9a7,Is there a way to game on Arm Linux?,linux_gaming
12zr742,Is Steam shader pre-cache causing system lock ups for anyone?,linux_gaming
12yznk7,Stardew Valley running on VisionFive2 RISC-V board with Box64 and gl4es,linux_gaming
130g01a,Fallout 3 - Epic Games GOTY Version - Help Installing Mods on Fedora (Linux),linux_gaming
12zv64o,Core Keeper is getting pets and a creative mode on May 10th,linux_gaming
1301e3e,First time going full Linux: will I miss new Nvidia drivers that fix some performance issues on new games?,linux_gaming
13012bz,Steam games don't seem to run well in KDE Plasma,linux_gaming
12z7ykx,Linux and Steam Deck compatibility tool Luxtorpeda gets upgraded in v63,linux_gaming
12zvodc,"Issues with Proton, cannot get HOI4 to run.",linux_gaming
12zvd39,pex Legends in Ubuntu 23.04 Invisible window,linux_gaming
12zuyyg,"Anyone met worse performance, anti-aliasing and 2D foliage on certain distros (primarily Battlefield V)?",linux_gaming
13025h2,Dead Space 2023 no audio,linux_gaming
12zdgxz,"""steam://"" browser links are not getting sent to Steam",linux_gaming
1307p9j,Hard disk controller mismatch on attempt to dual-boot Manjaro and Windows 10,linux_gaming
1300kdr,What's the current status of shader stutters?,linux_gaming
12zrrte,Guild Wars 2 downloading data to the main disk,linux_gaming
1302be1,"Black Ops 3 running Fine a few days ago. Now it loads to a black screen, What could be the issue? [Arch w/ Plasma KDE]",linux_gaming
12znu3q,NobaraOS Wayland game recording,linux_gaming
1304wsw,"Currently running Pop!_OS and considering switching to Manjaro, want to game too...",linux_gaming
1302iuy,Which Linux for Valve Index,linux_gaming
12yb3qz,There is a lot of native Linux games. What would you recomend?,linux_gaming
12zi158,installing steam on Bottles has now made the native steam client open up as a new app,linux_gaming
12zhfz4,How do I sandbox certain games?,linux_gaming
12yfibp,What is your favorite open source Linux game? Mine is Wideland (Best way to describe is the way Settlers 3 should have been),linux_gaming
12zxzeg,How would I need to setup Wine in order to run Caves of Qud?,linux_gaming
12z4jaf,PS4 controller with kernel version 6.3,linux_gaming
12zvmdz,I cant install Warframe on my PC(Linux Mint 21.1 Cinnamon),linux_gaming
12zcozc,Jedi Fallen order switching 7/10 fps to 120 constantly,linux_gaming
12zckod,Street Fighter 6 Demo,linux_gaming
12zkffd,Elden Ring with Iris Xe,linux_gaming
12zbka8,Cyberpunk 2077: Trying to get the Limited HUD mod running,linux_gaming
12zbjd7,Any Armoury Crate alternative for Linux?,linux_gaming
12ywrhv,OBS AMD RDNA2 Hardware accelerated capture Windows vs Linux,linux_gaming
12zwgw2,I know there's several operating systems that can be used for gaming but what's the worst thing about each one?,linux_gaming
12zeo56,Cyberpunk 2077 (Steam) Framerate problems on Manjaro,linux_gaming
12z2jvd,How to control PS4 controller light bar outside of Steam?,linux_gaming
12yg5qp,PSA: the 8bitdo ultimate (bluetooth + 2.4gz) controller doesn't work out of the box on most linux distributions,linux_gaming
12yagh3,Wiki is getting attacked by spam bots!,linux_gaming
12z2uow,Daily driving Linux on a gaming laptop,linux_gaming
12zaagm,Download Multiple DLC's on Lutris.,linux_gaming
12yuxvw,xbox control annoying the s out of me,linux_gaming
12xr0d6,Valve moves ELDEN RING back to Proton 7 as it has issues with newer Proton,linux_gaming
12ymwbb,"How does a ""Pocket Builder"" game resonate with you?",linux_gaming
12ylt5i,Paradox announce first 'Immersion Pack' for Victoria 3 and free upgrade,linux_gaming
12yzdup,Native Linux Talos Principle crashes on Ubuntu 22.04 but works on Mint 21.1?,linux_gaming
12yyybl,Anyone running ALVR with Opensuse Tumbleweed?,linux_gaming
12zf0v2,Garuda Linux!,linux_gaming
12z3vyr,DMC HD collection with proton,linux_gaming
12ydz56,Save 70% on Pathfinder: Kingmaker - Enhanced Plus Edition on Steam,linux_gaming
12yztua,Monster Hunter Rise and Linux,linux_gaming
12ytkp3,cursor going to the floor and game losing access to keys,linux_gaming
12xrnss,Fedora 39 Looks To Boost vm.max_map_count To Help Windows Games With Steam Play,linux_gaming
12xbjm3,Improved AMD Color Management Being Worked On For The Steam Deck,linux_gaming
12xtiug,My first solo made game Lichenvale is out on Steam! With launch discount of 10% it is priced at $7.19,linux_gaming
12y3svj,How do i install(if it's the correct term) my AMD gpu on Fedora Linux? (An almost complete linux noob here). amd-gpu-install didn't work.,linux_gaming
12y9un2,"Thrustmaster T150 wheel has force feedback/autocenter on the desktop, but never in any games or configuration apps.",linux_gaming
12wu74d,Roblox intentionally blocking Linux with Wine in their new update,linux_gaming
12ydz9f,Save 30% on Dome Keeper on Steam,linux_gaming
12yokzn,Resident Evil 5 not running (+help).,linux_gaming
12ycr9k,Fallout 4 on Ubuntu 23.04,linux_gaming
12x05sl,"Kernel 6.3 Brings Native Steam Deck Controller Support, Better Power Efficiency with Ryzen Laptops",linux_gaming
12ypy6p,How do you compile Cheat Engine?,linux_gaming
12x3wnm,Why does the Steam Linux file picker suck so much?!,linux_gaming
12y9sod,VrChat,linux_gaming
12y9q4z,Microstuttering in games like CSGO,linux_gaming
12y2mr3,xone doesn't work for wireless dongle,linux_gaming
12ye9xk,Elden Ring crash on startup,linux_gaming
12y5vnk,Shared Steam library issues - help?,linux_gaming
12ydg5v,"If I downloaded all my games on a separate windows drive, can I just link to the drive in linux and play them?",linux_gaming
12y30j3,Ways to Get Windows Games From the Late â€˜90s Working? (Creatures Albian in This Case),linux_gaming
12y0o8u,Any temporary fix for Xid 109 nvidia driver bug?,linux_gaming
12xq4wh,Linux not seeing both DisplayPorts as audio devices,linux_gaming
12y5uwy,cache/logs generating inside the game directory,linux_gaming
12xxh0v,Celeste Everest on Lutris through epic games,linux_gaming
12xuu80,Facing keyboard input queuing with multiple games,linux_gaming
12xufco,Dauntless,linux_gaming
12wiit0,"Why is overclocking, power, voltage and fan control not a feature in the AMDGPU drivers for new GPU releases?",linux_gaming
12wzfok,New Steam Deck Hardware Revision In The Wild? (with Pictures),linux_gaming
12ws8dc,Solus is becoming an immutable distro,linux_gaming
12w1vdi,Finally got Forza Horizon 5 running well (AMD),linux_gaming
12xxs7k,Genshin impact on Ubuntu?,linux_gaming
12xo72j,Proton issues,linux_gaming
12xar37,Godot-dodo â€“ Finetuning LLaMA on single-language comment:code data pairs,linux_gaming
12xm1h5,Gaming on Linux EP#87: Combat Master: Season 1 | Steam | F2P | 3700X 6600XT,linux_gaming
12xrlcg,Problem with Steam,linux_gaming
12xj952,low LOD / blurry distant textures in Spiderman and AC Unity,linux_gaming
12xh0xj,leauge of legends crashing ubuntu lutris,linux_gaming
12wufli,Ready for a new game. Looking for ideas.,linux_gaming
12xb9vs,"SOMA through HeroicLauncher not detecting Xbox Series S Controller (xpadneo installed, controller working for every steam game)",linux_gaming
12x30ym,"pci-passthrough, Linux guest",linux_gaming
12vnoi2,"Celebrate the third anniversary of Project Heartbeat, the enthusiast community rhythm game made on Linux, with update 0.17 a MASSIVE release with many features and improvements, including an editor revamp, 2 new songs & more! Together with a 40% discount!",linux_gaming
12wzumh,Assetto Corsa mods without using Content Manager on Steam Deck,linux_gaming
12wydfl,"7900 XTX and ray tracing, HDR",linux_gaming
12wf5ad,Help with RX 7900 XT freezing and crashing on pop_os,linux_gaming
12x2v50,Install Uplay/EA games in Steam,linux_gaming
12wvu2w,Best Steam Deck Games Released in the Past Week with Lone Fungus and Wall World â€“ 2023-04-23 Edition,linux_gaming
12wvgk7,Terrible microstuttering when FPS drops below around 80 on 170Hz monitor (FreeSync is enabled),linux_gaming
12wuic8,Struggling to get Bluetooth + PS4 controller working,linux_gaming
12wtuen,Blue Yeti X - G-Hub Alternative,linux_gaming
12x1nmu,Elden Ring Wont Launch,linux_gaming
12x5fee,most updated distro,linux_gaming
12v1ei7,"Flathub Has Been Redesigned, and Each App Page Contains Much More Info Now",linux_gaming
12wbzzl,gsync + regata OS + kde = gsync not working,linux_gaming
12wpc1z,Monster Hunter World can't see Xbox controller,linux_gaming
12x2r1t,How to install Uplay/EA games in Steam:,linux_gaming
12wmpf2,PopOS 22.04: Insurgency Sandstorm Does Not Launch,linux_gaming
12wmk1o,Keyboard mapping/macro using evremap,linux_gaming
12x3q6d,I can't believe how beautiful Battlefront 2 is,linux_gaming
12vnzu2,is there a list of all the dxvk and proton launch commands for steam?,linux_gaming
12wswtp,Help Cyberpunk,linux_gaming
12w376h,Lutris errors mesa,linux_gaming
12vzlfq,Wanted to create a gaming VM (gpu passthrough to VM) on my laptop but I don't have a mux switch,linux_gaming
12wgcym,"Fear and Hunger visual glitch, looks smudged",linux_gaming
12wp54l,"Breakwaters, Wine Noob",linux_gaming
12uz4oy,"Steam Deck Will be Sold in Physical Stores in Japan Next Week, and We Will Cover the Launch Event",linux_gaming
12vaahc,Making my Punch-Out and Cuphead inspired game available on Linux and Steam Deck!,linux_gaming
12voyrz,Immutable or no?,linux_gaming
12vx9wq,is Thrustmaster T128 supported?,linux_gaming
12uvrtn,One Step Closer to Wayland Wine,linux_gaming
12w2h54,Wine pre-loader keeps crashing after quiting Elden Ring,linux_gaming
12w2gdu,Lutris WoW - low FPS,linux_gaming
12wiyd8,Running an exe...without Wine? (Bad Company 2),linux_gaming
12whgmz,Need games like Skyrim but without it's flaws,linux_gaming
12wbh1s,Obs wonâ€™t open my files to put an overlay on,linux_gaming
12wa5nb,Powerpoint gaming on android . No more exagear,linux_gaming
12udewo,"Valve Lands Another Radeon Vulkan Performance Optimization For An ""Upcoming Game""",linux_gaming
12waezo,Recommend a GPU for Elden Ring at 1080p,linux_gaming
12vm0t6,ps3 guitar hero controller not being detected,linux_gaming
12vm02w,Cyberpunk 2077 audio while attacking problem,linux_gaming
12v0wjy,Dota 2: The New Frontiers Update is out and it's huge,linux_gaming
12uvjsw,Steam Deck compiles Vulkan shaders faster than my desktop and I'm not entirely sure why,linux_gaming
12ujb6v,Roblox's new anticheat (Byfron) being slowly rolled out causing wine incompatibility,linux_gaming
12vdywp,Does anybody know what the hell /proc/<pid>/pagemap_reset is?,linux_gaming
12voxwo,Tumbleweed Steam live video not playing in OpenSUSE,linux_gaming
12vuqid,Steam Deck - AC Valhalla stuck on uconnect boot screen after click on play,linux_gaming
12uzgbx,Curious to know what mechanical keyboard brand+model+switch you guys are using. I have a 3-year-old Corsair K70 RGB Mk.II (CMX Brown) keyboard that I just replaced with my backup CM Storm CK350 (Outemu Blue) because some of the LEDs on the K70 are wonky now.,linux_gaming
12vjz6o,Lutris: Exit with return code 256,linux_gaming
12vghsy,Civilization VI doesn't start with Proton,linux_gaming
12vgdz7,"Cannot launch Battlefield IV, V or 1 on Steam",linux_gaming
12vs19c,Help with counterstrike on Manjaro,linux_gaming
12vrfu4,ChimeraOS vs. Arch vs. Windows 11 for couch-gaming,linux_gaming
12vcf67,Main game loosing (mouse) focus,linux_gaming
12vbdd8,Ludusavi on gnome 44 Error:Unable To Browse Your System.,linux_gaming
12va099,One game not running on GPU and has no display ( it has sound but its window is inactive),linux_gaming
12v9sqp,Has anyone been able to overclock their laptop with gnome?,linux_gaming
12v81pg,Hunt Showdown gamma slider not working,linux_gaming
12v7v5w,Turns Out a Prototype Design for a New Steam Interface Made Back in 2014 Ended Up Pretty Close To the Current Big Picture Mode,linux_gaming
12urnzk,120hz monitor + 60hz game = stuttering?,linux_gaming
12v63gz,Gaming PC help with games,linux_gaming
12v52jv,Factorio crashing when steam invite received on Wayland,linux_gaming
12tn22y,The first trailer for my detective mystery game. The engine Iâ€™m using supports Linux. ,linux_gaming
12v3wmc,Installing Sims 2 by Universal DVD exits with error 256,linux_gaming
12v1356,Running black ops 2 with plutonium on bottles,linux_gaming
12uablo,Heroic has sort of replaced Lutris for me.,linux_gaming
12ur51m,How stable is the Oibaf PPA on Ubuntu?,linux_gaming
12uyjly,Elden Ring crashes computer,linux_gaming
12ub5km,Dev snapshot: Godot 4.1 dev 1,linux_gaming
12uq2yk,ultra battery saving mode?,linux_gaming
12tx0fl,Proton Experimental for Steam Deck & Linux upgraded with Proton 8,linux_gaming
12ugpvu,Dead Island 2 Working,linux_gaming
12usf4u,What's a good playnite alternative for organizing my collection?,linux_gaming
12u7269,"Problem with CSGO on Linux, stuck at 144 fps and Brightness doesn't work is stuck at 80%",linux_gaming
12uwgmu,Joycons not working in 22.04,linux_gaming
12u0mhu,HDMI 2.1 with VRR and HDR Support,linux_gaming
12uuplw,advice wanted,linux_gaming
12t7gwj,Ubisoft is looking for game developers with Linux experience,linux_gaming
12uadjc,Proton 8: Wine Rebase and Updated Steam Runtime on Debian 11,linux_gaming
12uycfx,"Steamdeck, trying to install directsound in gothic 2, can't get rid of this error.",linux_gaming
12uj99b,Osu stutters a lot and sometimes freezes,linux_gaming
12t5ws9,RADV Optimized By Valve For An Upcoming Game - Nearly Matching The Windows Performance,linux_gaming
12uoxf4,Insurgency: Sandstorm 1.14 Hotfix,linux_gaming
12tqkgl,Stellaris 3.8 will add two co-op modes now in Beta,linux_gaming
12uchtv,GTA V/Online no longer playable... help?,linux_gaming
12umdmn,Monster Hunter Rise Steam Ubuntu installation,linux_gaming
12taoax,PSA: the official itch.io client bundles a very outdated version of electron and has security risks,linux_gaming
12u6faa,Common stuttering after prolonged usage on Nobara 37,linux_gaming
12u0e7r,Why is there not a graphics-drivers serivice that can be retsarted instantly?,linux_gaming
12ttmzu,"""Hypercharge: Unboxed"" added a slick story campaign",linux_gaming
12urvrn,Have a Nice Death on Manjaro,linux_gaming
12u9s1i,Can I still use my gpu after pass-through?,linux_gaming
12u9dxx,obs-vkcapture outside of Steam?,linux_gaming
12u9a69,CnCNet client on Linux,linux_gaming
12ufis0,Problems with Proton,linux_gaming
12tdvyb,Ubuntu 23.04 Laptop Performance Mixed Against Ubuntu 22.10,linux_gaming
12u9uvn,msi overlay on linux,linux_gaming
12syllz,I never expected for this to happen: I am running out of space for my linux gaming library...,linux_gaming
12uelsi,Bios,linux_gaming
12sy66l,Proton Hotfix gets Minecraft Legends working on Steam Deck & Linux desktop,linux_gaming
12twjqu,Thrustmaster TCA Yoke Boeing,linux_gaming
12seueq,Minecraft Legends running in Proton (on a Steam Deck no less) ,linux_gaming
12tfvrz,Is VR on linux worth it?,linux_gaming
12tvjb7,Dark Souls 2 SOTFS Steam - Controller not working at all,linux_gaming
12tv1aw,Nintendo Switch Pro Controller motion controls with yuzu,linux_gaming
12tjvu1,How does Wayland treat in-game vsync?,linux_gaming
12t5q3z,"Some older Ubisoft titles might be broken on steam, because the old uplay launcher doesn't work or update anymore.",linux_gaming
12t5nc8,lutris v0.5.13-beta2 is out,linux_gaming
12szr10,AMD uses AI (Reinforcement Learning) to optimize their graphics drivers,linux_gaming
12tqm1d,Question about Nvidia options,linux_gaming
12tjl4j,Dark Souls Remastered broken on Ubuntu 23.04,linux_gaming
12smu7z,"Unrecord, Upcoming Game, Looks Amazingly Realistic with Body-Cam Viewpoint",linux_gaming
12rzqh3,Postal 2 got 20áµ—Ê° anniversary update with native Steam Deck support,linux_gaming
12tb4t3,Setup bepinex launch commands?,linux_gaming
12tqjx4,Heroic Won't launch games..,linux_gaming
12swe5o,AMD cards on Linux Mint,linux_gaming
12t6jsh,New luxtorpeda-dev Client Release (Version 63),linux_gaming
12tj879,USB SSD Issues (w/ Proton?),linux_gaming
12u4b4k,Best website for free linux/windows games,linux_gaming
12tglu0,Question about old GPUs R9 380X vs GTX 980ti/TitanX for CRT in Linux,linux_gaming
12tg4yu,Launching Cemu with GameScope,linux_gaming
12tohsc,Nobara or POP_OS! for gaming,linux_gaming
12syut4,Running on 50 % less performance,linux_gaming
12tkm3g,pcvr quest 2,linux_gaming
12suvmk,Next onFOSS-LAN: May 6th at 12:00UTC!,linux_gaming
12tab09,Having problems running cyberpunk 2077 with raytracing enabled in the latest update,linux_gaming
12t06jv,Proton is causing Pipewire & EasyEffects some weird noises,linux_gaming
12t5zch,how do i run Burnout Paradise (the ultimate box 2009) with proton on steam or lutris,linux_gaming
12t5fel,New user,linux_gaming
12sqn9h,What would be your favorite reward for completing bonus challenges in my game?,linux_gaming
12t9z5l,"external HDD says ""read only file system"" when trying to change ownership or file permissions.",linux_gaming
12t05fg,"Unity-based games not showing text when running on Wine? Well, here's a solution!",linux_gaming
12ri58j,"Desktop Dungeons, Rated as Playable on Steam Deck, is Free To Grab Now on Steam",linux_gaming
12sqxnv,Hardware questions about VR,linux_gaming
12rvm8c,"Godot 4.1 Planning For More Renderer Improvements, AMD FSR 2.2",linux_gaming
12rsb3i,I've created a patch that fixes workshop mods when using the official DayZ Launcher,linux_gaming
12srbqu,Controller issues on Fedora 38,linux_gaming
12s0lv5,"Step on a Fedora 38, crack your TF2's back",linux_gaming
12s039f,Psa Xdefiant,linux_gaming
12samnh,"[Review]Ultimate Bluetooth Controller by 8bitdo. Great Controller, avoid it(for now)",linux_gaming
12sl5ei,Dead Space Remake not starting,linux_gaming
12s1qvx,Flatpak steam inventory,linux_gaming
12rlzcf,New Steam Games with Native Linux Clients with AfroPenguin and I Did Not Buy this Ticket â€“ 2023-04-19 Edition,linux_gaming
12rtydj,Meet RegataOS: An openSUSE Tumbleweed-based gaming focused distro.,linux_gaming
12rvr24,Europa Universalis IV: Domination and free update out now,linux_gaming
12s852v,Can't remote play on my Ubuntu laptop (other devices work just fine),linux_gaming
12t44om,Guys i think we need to get 70% of steam games a linux port ðŸ¤£,linux_gaming
12qlo3y,Manjaro Is Losing Ground Very Fast as A Linux Gaming Distro,linux_gaming
12sn6yb,Move Games,linux_gaming
12sb8hk,Gaming on Linux EP#86: Second Extinction | Epic Games | Heroic Launcher | 3700X 6600XT,linux_gaming
12qxdxx,Intel Arc users now can enjoy stutterless games too!,linux_gaming
12s6ab3,Xdefiant Archlinux Anticheat probably off.,linux_gaming
12s50yb,How to prevent and/or fix Arch systems when/if they break?,linux_gaming
12s151j,Steam Publisher Weekend Sale - Avalon Digital - Huge discount on many Strategy/Wargames!,linux_gaming
12s0iha,Is anyone able to play Goose Goose Duck?,linux_gaming
12s0fny,Xbox controller not recognized under input devices or by steam,linux_gaming
12r22ho,Thinking about switching to Linux from Win,linux_gaming
12qd7sf,"We should nix ""tech support"" flair if we aren't going to help anyone.",linux_gaming
12ruv8z,Steam Proton: weird audio issue with USB audio interface (Focusrite Clarett+ 4Pre),linux_gaming
12r4ib5,"Can I run any program, not only games with proton?",linux_gaming
12qn195,Valheim is getting extensive difficulty options including a creative mode,linux_gaming
12rp8fc,Dell Inspiron 7420 (2022),linux_gaming
12qt7uz,MangoHud Version 0.6.9-1 Hotfix release,linux_gaming
12rn271,Path of Titans / Alderon Launcher not doing anything,linux_gaming
12rsiq5,Help with linux gaming.,linux_gaming
12rxxba,Amazon Alexa with Linux Gaming?,linux_gaming
12psj34,Proton 8.0-1 released,linux_gaming
12ril93,Hosting sunshine to moonlight on a locked pc?,linux_gaming
12roemt,Have we reached the ceiling of Proton/Wine gaming performance?,linux_gaming
12qpdcy,Might be worth double checking which are cores are vcache cores if running a dual CCD x3D Ryzen!,linux_gaming
12qynv0,Reporting my experience installing multiple distros in my newly acquired Alienware and trying to get the OS to recognize the NVIDIA graphic card,linux_gaming
12rf9fp,7900 XTX questions,linux_gaming
12qyapy,PSO Tweaker for Linux?,linux_gaming
12q35yu,"Proton 8.0-1 Released, Adds Compatibility to Dozens of New Titles, Improves Sleep/Resume Functionality on Deck",linux_gaming
12qx0l9,Gaming On Linux blog: Lueur blends city-building with survival from a former Ubisoft developer,linux_gaming
12rniow,Steam Deck - Horizon Zero Dawn Benchmark - CachyoOS with linux-drm-next-git and mesa-tkg-git,linux_gaming
12qnw5k,Zoria: Age of Shattering now skipping Early Access to release in September,linux_gaming
12rk93w,PDS and BMQ Schedulers not working ????,linux_gaming
12qnves,Survival game Vintage Story set for a huge update with a big story event,linux_gaming
12rf0ko,EasyAntiCheat errors after latest Dead by Daylight update,linux_gaming
12pkh5k,"A friend of mine just posted this on his Discord server: It's GTA: San Andreas via DXVK 2.1 running on NVK, at almost 60FPS. (He got it from the Linux Gaming Dev server.)",linux_gaming
12r44yc,Ultimate Alliance 2006,linux_gaming
12qa9ia,Dark Souls 3 borked with Proton 8,linux_gaming
12q7ql2,DeckyLoader v2.7.0 is Out,linux_gaming
12r8zij,GTA V won't go fullscreen,linux_gaming
12rgpe1,Game Documents,linux_gaming
12qysxn,Is the Metro Exodus Linux client on the Epic Games / Heroic Launcher?,linux_gaming
12qbpzp,Publisher of King under the Mountain backs out so it's re-releasing as Mountaincore,linux_gaming
12qxdui,Replacement for Parsec?,linux_gaming
12ptiiu,The Elder Scrolls II: Daggerfall open source project Daggerfall Unity 0.15.1 beta pre-release,linux_gaming
12r0b8a,4070: abysmal performance. A Linux gaming AMD to NVidia odyssey.,linux_gaming
12qn3w7,Suggestions for make it run on Linux,linux_gaming
12pnmm0,Stardew Valley set for another update in v1.6,linux_gaming
12q0q0r,Is there a way to filter out steamdeck-related crap on protondb?,linux_gaming
12p81ap,"Sci-fi puzzle game Photon Engineer out now, made with open source",linux_gaming
12qy2n9,"Ok, I'm joining! BUT...",linux_gaming
12psxtr,Stardew Valley is getting a surprise update with new content,linux_gaming
12qjjsp,I need help with Thrustmaster TMX,linux_gaming
12qj1tr,"Final Fantasy XIV requires me to use the latest Nvidia driver, but the latest driver breaks my computer display.",linux_gaming
12qxh30,Overwatch 2 - Microphone not working for voice chat on Scarlett 4i4 3rd gen (Fedora Rawhide),linux_gaming
12qw898,Issues with wine,linux_gaming
12p926q,Maybe off-topic but Moonlight streaming is amazing on old laptops.,linux_gaming
12qflsq,"Knight Witch Review â€“ Metroidvania Meets Bullet Hell Shooter, Review on Steam Deck and Linux",linux_gaming
12qvhcd,Can't run steam games with proton.,linux_gaming
12qpgv3,"Install Proton 8.0 manually. But, it didn't show up on Steam",linux_gaming
12pags7,Don't always trust protonDB. The IRONSIGHT game case.,linux_gaming
12q3mdy,Age of Empire II Definitive Edition crashes on Linux Mint when I am on kernel version 5.19 but launches without any issues on kernel version 5.15.,linux_gaming
12qhugs,Ubisoft launcher not working. Again.,linux_gaming
12qbjdz,"How to enable ""virtual desktop"" for specific app? (per-file setting doesn't work as expected)",linux_gaming
12pwza4,Improving Performance on Chromebook,linux_gaming
12pxtx2,Minecraft Bedrock Edition Launcher won't Launch,linux_gaming
12qfhmv,Cyberpunk Mods not working ?,linux_gaming
12pnn1k,Darkest Dungeon got a free total conversion with Black Reliquary,linux_gaming
12pgugv,"Does anyone else have very laggy Steam client? (Lenovo Ryzen 5 4500u laptop, Fedora KDE 38)",linux_gaming
12pwdem,Help me choose a KDE supporting distro - Mac/Windows -> Pop_os -> system76 laptop -> Steam Deck -> ????,linux_gaming
12pqzat,Setting up permissions on secondary drive and running into roadblocks.,linux_gaming
12p4b0p,"Do you still need to add ""WINE_FULLSCREEN_FSR= 1"" to be able to use FSR through proton on games that don't have the option in graphic settings (vulkan/DXVK/VKD3D only)?",linux_gaming
12pn3zl,Kron4ek 8.6 wine builds,linux_gaming
12pt8nz,Steam Workshop Mods + SteamPlay,linux_gaming
12pzz3p,Cannot access secondary steam library file across users,linux_gaming
12qfb0n,Any way to get mangohud running on windows?,linux_gaming
12o34df,AMD Announces Radeon Pro GPUs With 32GB and 48GB of GDDR6,linux_gaming
12pu7bv,Insurgency Sandstorm: How can I find the config file?,linux_gaming
12pthw1,"Lutris, DCS and hopefully also delanclip headtrack installation on Linux Mint Vera.",linux_gaming
12q7b26,Incredible displays of difficult and complex movements using Mocap Suit.,linux_gaming
12pq2ta,does greenwithenvy still work?,linux_gaming
12q3z1g,Wtf Apex?,linux_gaming
12ppa9t,How can I debug a game suddenly not starting anymore?,linux_gaming
12pvff3,"I don't know if I am being excessively paranoid, but I think it is necessary to switch our friends and relatives we care about to linux, if they use windows",linux_gaming
12palsx,Third-party Nintendo Switch Pro controller appearing in lsusb but not powering up,linux_gaming
12pi6kl,CS:GO all gloves are black.,linux_gaming
12ozwu6,Help with AMD eGPU,linux_gaming
12puf9f,This needs to stop,linux_gaming
12p1vwv,Guide: How to play Dark and Darker Playtest#5 on Linux using Lutris,linux_gaming
12oub7i,CSGO controller binds keep resetting after every kill,linux_gaming
12okfap,Problem with installer GUI for linux games on GOG,linux_gaming
12o6h3g,"Hope to get Game Pass, GOG, EA, Unisoft and other launchers working under Linux",linux_gaming
12p3gyd,"Steam games freezing after about 20 minutes, freezing system while closing",linux_gaming
12ndtkl,Just wanna say thanks for helping me understand how truly wonderful and accessible Linux gaming is.,linux_gaming
12pqlkv,"Wait, wait, wait...",linux_gaming
12o87pm,Recommend a co-op game for a 10yo,linux_gaming
12nk762,Screensharing audio on Discord works with a custom Linux client!,linux_gaming
12otnii,MTG: Arena on Chromebook,linux_gaming
12n15o3,Valve Restricts Accounts of 2500 Users Who Marked a Negative Game Review Useful,linux_gaming
12osnlp,Tips or tricks to make nouveau run better?,linux_gaming
12or3wq,Need help installing Sims 4,linux_gaming
12ostvf,How To Make A Game with GDevelop - Menus and Publishing (E11),linux_gaming
12ols0b,Modding Question,linux_gaming
12ocbay,"Best Steam Deck Games Released in the Past Week with SpiritFall, Crab Champions and Super Dungeon Maker â€“ 2023-04-16 Edition",linux_gaming
12oa8w0,Does The Battery Health Optimization On The Logitech Powerplay function On Linux,linux_gaming
12ovk1m,Stream Deck+ Support?,linux_gaming
12oo2n4,Unable to install games via Lutris,linux_gaming
12ox6h4,File pathing,linux_gaming
12op3np,Best proton for returnal?,linux_gaming
12mvndp,Wine development release 8.6 is now available,linux_gaming
12oo761,I feel like I am in a no man's land of Windows and Linux and I need a push to either side...,linux_gaming
12o97s2,Unofficial downgrade patcher,linux_gaming
12n2eso,MineClone2 Release 0.83 - Safe and Sound,linux_gaming
12og981,RE4R,linux_gaming
12o6its,What's the best Heroic launchers wine version for GtaV?,linux_gaming
12o3qsm,DualShock Controller Button Remapping?,linux_gaming
12n0ygg,"The Early Days of Linux: a great little story about how everything started, from a close friend of Linus",linux_gaming
12o7rxd,Steam games won't boot. I believe my graphics card isn't being used.,linux_gaming
12odv1u,"Overwatch 2 keeps crashing, any ideas",linux_gaming
12myw0z,Mesa 23.1-rc1 released for testing!,linux_gaming
12nzlev,Is the EA app just completely broken for anyone else as well?,linux_gaming
12nz39l,Cursor while gaming,linux_gaming
12nmm0i,60 fps on 144 hz monitor,linux_gaming
12nw7cn,Apex legends.... weird performance,linux_gaming
12npnfk,Trouble with gaming 7900 xtx,linux_gaming
12nlkpu,is it faster to run steam games on bottles with steam dependancy installed or on steam?,linux_gaming
12nzv7b,"[Fedora 37 | Steam] - It is working fine now, but I have no idea why.",linux_gaming
12mygzx,Iris Shaders 1.6.1 for Minecraft 1.19.4 is Out,linux_gaming
12nszog,Can't seem to get battle.net to launch after installation. Trying to play Classic WoW,linux_gaming
12o5u5y,Share a steam folder between Windows and Linux,linux_gaming
12o1vd3,"Witcher 3, Deep Rock Galactic and CoD BO3 and vkcube freezing",linux_gaming
12oeiep,I accidentally booted my PC with the windows hard drive plugged in the drive cage.,linux_gaming
12n9g6j,Custom resolutions on wayland,linux_gaming
12nuwls,Installing Battle.net,linux_gaming
12my8xg,geprotondl - CLI to download latest or manage your GE-Proton for Steam,linux_gaming
12lzg98,New upcoming shooter XDefiant will ensure Linux compatibility,linux_gaming
12nkg5k,Vulkan support for Intel Graphics 4000.,linux_gaming
12m7eyq,Switching completely from Windows to Linux,linux_gaming
12nq0xq,Running Steam games on Ubuntu/Kubuntu results in crashing or terrible frame rates.,linux_gaming
12mkvs9,KDE Wayland + 280hz,linux_gaming
12n7lv6,Sims 4 Mods on PoP-OS,linux_gaming
12mxc85,"Controller not working on steam, does work in-game",linux_gaming
12ncuk0,Windows 11 to linux,linux_gaming
12mbaxs,VCMI 1.2 (open source HoMM3 engine) released,linux_gaming
12nc2w3,What programs does a new Linux gamer need to have?,linux_gaming
12nbti0,can you play r6s in vm?,linux_gaming
12mckri,Noob's Guide: How to play Dark and Darker Playtest#5 on Linux with Lutris,linux_gaming
12naomi,SGS We The People - New American Revolution Wargame - Game Preview!,linux_gaming
12ngf1q,AimLab steam issue !!,linux_gaming
12n8s1b,"I've run across a game or two on Linux I could no longer play on PC, is there an official list somewhere?",linux_gaming
12lw5cf,AMD Details openSIL For Advancing Open-Source System Firmware,linux_gaming
12ltgw6,What is the current situation of Intel Arc on Linux?,linux_gaming
12n4u4g,Steam â†’ launcher problem,linux_gaming
12n3g31,"Network activities reduce FPS, Overwatch 2?",linux_gaming
12n12qu,Any way to skip oscheck when installing Asheron's call?,linux_gaming
12n0jla,nvidia GPU underperforms while using Wayland,linux_gaming
12n0h3a,A replacement for mouse software of Sades AXE.,linux_gaming
12mcnmf,"Space Engineers refuses to launch, worked perfectly two days ago",linux_gaming
12mxuhv,Fedora or Ubuntu for RTX 4090 & Ryzen 9 5900X,linux_gaming
12meatb,I can't get AMD GPU undervolting working with CoreCtrl,linux_gaming
12mw7yk,External partition with steam library?,linux_gaming
12n1kqp,Top 4 New Games You Can Play on Linux with Proton â€“ April 2023 Edition,linux_gaming
12lzm6s,"Principia - Physics-based sandbox building game, now FOSS and available for Linux (1.5.2 Beta)",linux_gaming
12m20kn,"[KDE XWayland] Discrepancy in Game Framerate Perception and Reported FPS Graphs, VSync magic behaviour.",linux_gaming
12muww4,"Nvidia Replaced ""530.41"" Driver With ""525.1050"" | Probably It Has Important Issue",linux_gaming
12n1824,Lots of 'wait's since installing 22.04,linux_gaming
12my173,Skyrim,linux_gaming
12mhdau,Wayland equivalents to necessary Xorg programs,linux_gaming
12l1ja4,MangoHud v0.6.9 has been released,linux_gaming
12ksngh,What do you guys think about this? Microsoft is experimenting with a Windows gaming handheld mode for the Steam Deck.,linux_gaming
12mf3eq,Controller layout doesnâ€™t work,linux_gaming
12msqcm,How to change date/time in linux?,linux_gaming
12msqth,Distro recommendations,linux_gaming
12mcf07,Skyrim special edition NPC's don't have sound,linux_gaming
12mme7w,any help?,linux_gaming
12kxwdg,"An Interview with Timothee Besset, Valve Contractor",linux_gaming
12mb0lf,Games opening then instantly closing,linux_gaming
12m9qd2,Sit-Rep VKB Gladiator,linux_gaming
12mmk96,Switched to Linux,linux_gaming
12mksjd,Manjaro,linux_gaming
12m0nv8,Anno 1404 gog via Heroic Launcher,linux_gaming
12lkxfl,Is there any software that lets you click a specific part of the screen using a button press?,linux_gaming
12lydrs,Bought an upgrade,linux_gaming
12kr9ec,Attempting to swap from windows to linux,linux_gaming
12lr6n8,The Settlers: Rise of an Empire: Gold Edition - Proton Workaround,linux_gaming
12loi63,How to force steam not scaling game resolution with desktop scaling in xorg 11?,linux_gaming
12m0dfx,Configure Samba and SSH on Ubuntu Linux Server (mainly for new users),linux_gaming
12lzx46,Fsr and Dlss version manually update,linux_gaming
12ksauw,I've just published the free demo of Linkito with native Linux support ! Give it a try ;),linux_gaming
12kwiwe,LatencyFlex2 Installer,linux_gaming
12lr72b,Team Fortress 2 does not load,linux_gaming
12kzm87,Adding ISA to modern motherboards,linux_gaming
12lk5tm,Some noob questions regarding Nvidia Cards on Linux,linux_gaming
12ju0co,Factorio gets official Wayland support on Linux,linux_gaming
12lsnwy,Gaming on Linux EP#85: Half Life: Alyx | No VR Mod | Steam | 3700X 6600XT,linux_gaming
12lrqs2,Alien Breed Impact (heroic games launcher) - doesn't even launch the game,linux_gaming
12lbeei,How can force a game to run on a local build of Mesa?,linux_gaming
12l2oyv,"Am I The Only One Who uses dual boots Linux for gaming and Windows for everything else, seems like most people go for the reverse",linux_gaming
12lssi5,"GTA IV not loading ""unable to launch game, please verify your game date""",linux_gaming
12lwva3,Lag,linux_gaming
12ldey3,apex legends easy anti cheat hash catalogue not found,linux_gaming
12l32wc,"Some programs, after the PC wakes up from suspension, show a black window",linux_gaming
12lfijy,Fedora KDE,linux_gaming
12l6xel,pre caching vulkan shaders is taking hours,linux_gaming
12kwu3f,is there a way to process vulkan shaders in the command line like verbose and everything,linux_gaming
12kvugw,Text shown as Blocks on Ubuntu 22.04 R9 270x,linux_gaming
12keut1,[Q] Lightweight Linux for Low-End Gaming,linux_gaming
12kxzzp,The latest Steam Survey had a huge surge of Simplified Chinese,linux_gaming
12kwn1h,Dev snapshot: Godot 3.6 beta 1,linux_gaming
12l353t,Half-Life 1 RTX: Wine C++ Runtime Library Assertion failed,linux_gaming
12kuxh7,Game Mode on Stock ArchLinux,linux_gaming
12l27pd,Corectrl only controls one of my two RX 580 fans,linux_gaming
12l24j6,Nuc x15 gets power throttled at 100w,linux_gaming
12kk1ak,new here.,linux_gaming
12l0b0k,Game UI not accepting input,linux_gaming
12kydia,I have a software looking for steam at a place is doesn't live in,linux_gaming
12kx6ki,ParrotOS and Steam games,linux_gaming
12l2r6f,lost ark && black desert,linux_gaming
12k4r5d,Public Test Patch Notes for Update 1.2.0 - Grounded now has Steam Deck Support and will run beyond the Xbox login screen,linux_gaming
12jo7b1,CoreCtrl Now Available In Debian & Ubuntu 23.04 For Managing Your System,linux_gaming
12kt0uv,Switch Pro Controller NEEDS Steam to connect,linux_gaming
12jbvpr,Popular open source survival roguelike Cataclysm: Dark Days Ahead gets a Steam release,linux_gaming
12jzmac,I use Mint btw ;) Made on Mint + My 10 year old Thinkpad T430,linux_gaming
12l82iq,Another view of Wayland,linux_gaming
12joakm,NVIDIA RTX-Remix 0.1 Released For Adding Path Tracing To Classic Games,linux_gaming
12kieov,It seems like eFootball 2023 is working again.,linux_gaming
12jiiuj,Heroes of Might & Magic 2 FOSS reimplementation - Fheroes2 version 1.0.3,linux_gaming
12l1be4,How is performance of gaming on Linux vs Windows?,linux_gaming
12kce55,Gaming on Linux EP#84: Caliber | F2P | Steam | 3700X 6600XT,linux_gaming
12jfejb,Open Hexagon gets new content plus Linux and Steam Deck improvements,linux_gaming
12js7m9,"New Steam Games with Native Linux Clients, with Bio Prototype, KUJLEVKA and Volley Pals â€“ 2023-04-12 Edition",linux_gaming
12joo7q,Quick tutorial on how to compile yourself a non mingw version of wine (gcc),linux_gaming
12js8aw,Amazon Luna on Steam Deck (and on Linux PC) â€“ How to Get it to Work and Enjoy It,linux_gaming
12jcrzb,GPU and Motherboard drivers needed?,linux_gaming
12iigyg,Final call for maintainers: Help Save GWE from Abandonment,linux_gaming
12jvjyw,Is there a way to make GPU OC/ UV settings gas persistent between OSes?,linux_gaming
12jgugk,Cyberpunk 2077 Overdrive doesn't work on Linux,linux_gaming
12jipzb,Using a capture card for secondary display for minimal performance impact while gaming. Viable?,linux_gaming
12jldr1,Steam + CS:GO Crash on startup after black screen on Ubuntu 22.04,linux_gaming
12jfsb4,Cyberpunk 2077 Ray Tracing not working in Heroic Games Launcher,linux_gaming
12jh2k2,Steam crashes on start unless I launch it from terminal,linux_gaming
12jnjrl,i cant get world of tanks working,linux_gaming
12k2nkk,I'm having a problem with far cry 3,linux_gaming
12k24xq,Best vm for gaming?,linux_gaming
12jw1my,Cyberpunk 207 - Path Tracing on Linux - is it possible?,linux_gaming
12j5abb,"The new 20gb Overwatch 2 patch still has the ""loose window focus"" bug in Lutris",linux_gaming
12jxib6,Last patch for CP2077 broke the game on my Mint distro,linux_gaming
12j4zhj,Need help with Steam Tinker Launch,linux_gaming
12jeoxi,CS:GO is very clearly not showing 144 fps in game.,linux_gaming
12jtiso,Humble Store has a sale on Steam Deck Verified and Playable games,linux_gaming
12je7vv,Has anyone had any luck using native bcrypt.dll,linux_gaming
12iisyr,Looking for linux beta-testers for my game Linkito! Who's in ?,linux_gaming
12iqo2v,Has anyone got ray tracing in the latest cyberpunk update to work?,linux_gaming
12jcioe,Arch Nobara or cachyos,linux_gaming
12j8wra,Proton-caller Works Much Better Than Lutris Does.,linux_gaming
12j15ss,How do I disable automatic downclocking / powermanagement of my 6700XT?,linux_gaming
12jwj6t,sh-shaderss? (GPL),linux_gaming
12j71vb,RE4 Remake Low GPU Utilization,linux_gaming
12iyp81,"these two eroges always immediately close- Ai suru Tsuma, and Dead End Aegis",linux_gaming
12jagxe,I need help please. Can't even boot openSuse TW live session,linux_gaming
12iqk7s,Cyberpunk 2077 runs super smooth... until it doesn't,linux_gaming
12j3hzy,Have any you managed to install gamescope on Ubuntu 22.04.2 LTS? I'm trying to build and use it but stuck on one step,linux_gaming
12i2lze,"Rosenzweig Steps Down As Open-Source Arm Mali ""Panfrost"" Driver Maintainer",linux_gaming
12ijliw,Lost Tux Linux Game,linux_gaming
12il3mk,"Microsoft, Switch and Valve in 2016 (Linux)",linux_gaming
12jl59z,"windows smells bad, what should I move to?.",linux_gaming
12hrinv,GE-Proton7-55 Released,linux_gaming
12iy43o,apex legends fps drop,linux_gaming
12ix9q6,stardew valley modding,linux_gaming
12ivogf,Does Black Ops 4 still work under linux?,linux_gaming
12iosb2,Is there a Linux tool similar to Joystick Gremlin for merging multiple joysticks into one virtual joystick?,linux_gaming
12hiu50,Hey Linux gamers! I just released my game in the same vein as Portal into Steam. Entirely developed on Linux with FOSS and with my own game engine (see comment for details).,linux_gaming
12j94ce,"hi, please help me/ aiuda no puedo descargar pacify",linux_gaming
12hfmzu,Shader compilation just got improved (by being merged),linux_gaming
12itg40,"Somehow I can still run mangohud, even though I've removed it",linux_gaming
12ig5h9,Apps for turn the smartphone in a controller for linux,linux_gaming
12irqt0,Genshin Impact through lutris looks wierd,linux_gaming
12idmdj,"How can I run Wine ""+relay"" without the app crashing?",linux_gaming
12ifplg,Question about some games,linux_gaming
12i3x13,My GPU died while playing Hollow KNight. Now the game won't launch. Any clue as to why?,linux_gaming
12imdou,how do you force a non steam game to use your gpu?,linux_gaming
12il3v2,FIX ERROR LEAGUE OF LEGENDS ON LUTRIS!,linux_gaming
12hzf3z,LaunchBox running on Linux with Lutrix!!!!,linux_gaming
12hn0iz,Tax Heaven 3000 on Android using Termux + Fex-emu,linux_gaming
12hved3,Green With Envy will no longer open,linux_gaming
12hoe8n,"Can I scale a 27"" 1440p (16:9) monitor to 24"" equivalent at the same aspect ratio?",linux_gaming
12grmii,"I wrote a research paper on improving performance on high-efficiency Linux systems - specifically, the Steam Deck. Let me know what you think!",linux_gaming
12hb8qm,Sc-controller is awesome,linux_gaming
12htryg,Screen Tearing on Laptop Display in Hybrid mode while Gaming,linux_gaming
12i1ff6,Pre caching shades freezes computer,linux_gaming
12i18zc,Gamepad only working on Native Linux Apps/Games,linux_gaming
12hcmb3,"Can somebody explain what WINEDLLOVERRIDES=""amd_ags_x64.dll=b"" does?",linux_gaming
12hiea8,Problems with scaling in GNOME,linux_gaming
12hv6il,Steam/EA app,linux_gaming
12hu1k1,Fuser loads into a black screen,linux_gaming
12hl02o,any way to use rtx in elden ring on fedora 38 beta?,linux_gaming
12hr1is,Xbox like controller support?,linux_gaming
12ghr14,"AMDGPU_TOP v0.1.4 - GPU Metrics viewer, .AppImage package",linux_gaming
12hmy0u,GTA V stuck entering story mode pls help,linux_gaming
12hkcsq,Any American football games that can run on Linux besides Axis football.,linux_gaming
12hizuc,Having seemingly endless controller woes in Linux. Any tricks to get a PS5 controller to actually work over Bluetooth with Linux games outside of Steam?,linux_gaming
12hetf9,EA App install through lutris,linux_gaming
12grcw3,How to switch to native on steam?,linux_gaming
12htvrg,sha512sum GE-Proton7-55.tar.gz | diff GE-Proton7-55.sha512sum -,linux_gaming
12hc3la,Symbolic Links and Steam's Proton,linux_gaming
12hb01a,"red dead redemption 2 does not run in native 2560*1440 resolution under proton experimental, nobara linux",linux_gaming
12h46py,Heroes 3 HD mod doesn't full screen properly,linux_gaming
12gxgi7,Low CPU clocks whilst having low temps in games,linux_gaming
12gijzh,Proton refuses to launch games (Note: its the same result for all versions proton),linux_gaming
12gf4pt,"planning to switch to linux but am doubtful about shader cache stuttering in dx12 games. I know dx11 is fine now. Also am planning to play dx12 games not from the steam store, hence no shader pre-caching. Should I stay on Windows if dx12 stutters havent been fixed yet? (i cant stand them)",linux_gaming
12gdquv,f2p shooter ironsight works on linux,linux_gaming
12fsd13,Iris 1.6 for Minecraft 1.19.4 Brings Many New Features for Shader Developers,linux_gaming
12h6xte,Total War: Warhammer II is running natively but doens't run with DXVK/Proton,linux_gaming
12h39u9,new steam library folder must be on a filesystem mounted with execute permissions 2023,linux_gaming
12gipat,Seeking Recommendations for new laptop,linux_gaming
12gvuj0,"ALVR ""frame timed out""",linux_gaming
12gta7e,DLC's not working for Dying Light with Heroic,linux_gaming
12fyl1a,Does rocket league still work on linux in 2023,linux_gaming
12gfmeq,I need a little help from linux users,linux_gaming
12h1h5m,Question: AI Assisted Coding for Wine/Proton,linux_gaming
12fgmfi,Nice ðŸ‘,linux_gaming
12fsjzo,"Early KDE Plasma 6 Development State: ""It's Still Rough, But It's Usable""",linux_gaming
12h5ja5,game of Windows on linux,linux_gaming
12gx5b7,Anyone had success with Cheat Engine?,linux_gaming
12gkjba,How can I change menu\HUD language for Assassin's Creed II?,linux_gaming
12gcux9,War thunder native or proton,linux_gaming
12gf3iv,Steam is not playing any newly added non steam game,linux_gaming
12gj84y,Steamtinker launch doesnt recognise the game.,linux_gaming
12gdh1f,Any idea how to get in gamescope embedded session immediate flips and vrr working.,linux_gaming
12g8jij,QUAKE 2 on Linux via Yamagi Quake,linux_gaming
12flvi0,Live A Live has now been verified for Steam Deck.,linux_gaming
12fn6hd,64-player 1v1 Beyond All Reason Tournament is live! Don't miss it! (Total Annihilation/Supreme Commender-inspired Free open-source RTS),linux_gaming
12goqd8,Has anyone gotten Borderlands 3 for Steam working with a GTX 660?,linux_gaming
12gebnx,Lutris with gamescope doesn't launch,linux_gaming
12fwynm,what does steam os have the arch doesnt?,linux_gaming
12g9umr,Alternative Razer Orbweaver application,linux_gaming
12ghwkf,"Best Steam Deck Games Released in the Past Week with Tower Escape, Ogu and the Secret Forest and Deceive Inc â€“ 2023-04-09 Edition",linux_gaming
12gq7nt,POP OS STEAM ISSUES,linux_gaming
12gn331,Games running with very low FPS,linux_gaming
12ga545,running demon souls rpcs3 on endeavour os and its causing my monitors to shut off/disconnect whenever loading new areas.,linux_gaming
12foqap,how good/bad are retro game handhelds like the RG35xx,linux_gaming
12g266e,TF2: Folder mods not working,linux_gaming
12g624k,Minecraft Launcher can't log in,linux_gaming
12g4up8,"When using Nviidia dGPU to lauch games, after some time running, it freezes/crashes completily and the system is iresponsive, even waiting to see if was just a freeze",linux_gaming
12g4fck,tf2 wont start after installing it via the eselect method gentoo,linux_gaming
12erlh1,Take-Two dismisses claims against the GTA III open source reimplementation re3,linux_gaming
12fhilm,I made a small Dungeon Crawler for a Jam called The Blood Mage :),linux_gaming
12fqvow,Do unity games run well on linux,linux_gaming
12fzx5u,Weird artifacting in Red Dead Redemption 2,linux_gaming
12foaik,Linux or not?,linux_gaming
12flc6r,The Elder Scrolls Online Launcher issue with updating the client,linux_gaming
12fiwz6,AMD gpu forced to reboot on Linux/Auto1111,linux_gaming
12ev0qf,Mesa 23.0.2 Released With Dozens Of Fixes,linux_gaming
12frhkx,CS:GO Recording,linux_gaming
12fdo5t,Halo MCC Proton bans,linux_gaming
12euuq7,ProtonPlus: A simple Wine and Proton-based compatiblity tools manager for GNOME,linux_gaming
12ep8u6,"EVERSPACE 2 out now, devs focus on Proton for Linux - Steam Deck optimizations planned",linux_gaming
12fb2zv,"A few mounts in the upcoming procedural survival game, Under a Rock! - Unreal Engine 5",linux_gaming
12eib4y,Processing Vulkan shaders every time?,linux_gaming
12fvvl9,"After Cities Skylines 2, Paradox Should Fill Another Old-School Sim Niche",linux_gaming
12ex63p,ScummVM add its first multiplayer game: Backyard Sports Online,linux_gaming
12f6pwb,I may need some help testing the linux post of this game after its release! but heres a trailer for people that may wanna test.,linux_gaming
12fmi4l,Paradox Interactive has announced a release date and opened a pre-order for the major add-on Tours and Tournaments for the historical grand strategy game Crusader Kings III,linux_gaming
12et8dm,What current GPUs are you running?,linux_gaming
12fuj65,Help Roblox wont open.,linux_gaming
12f6edz,Having trouble running Amnesia: TDD through wine/wine-ge.,linux_gaming
12fslfp,How Do I install and use Gamescope,linux_gaming
12fabx9,Can't run any games on GE Proton (Zorin OS Lite),linux_gaming
12fa7gl,[Launcher] Minecraft Launcher gives a strange error,linux_gaming
12f9ucu,Blazblue Cross Tag Battle black screen crash,linux_gaming
12f3ubm,dGPU on laptop doesn't work properly,linux_gaming
12dtvc8,"Valve should update Steam's ""system requirements""",linux_gaming
12egm9g,OBS and AMD,linux_gaming
12ffesy,"I need help, how to use several launch commands at the same time?",linux_gaming
12fiyc1,which driver the OS actually uses?!,linux_gaming
12ew46r,Can't see or control main menu in Dying Light 1.,linux_gaming
12eol4d,Someone game on linux with acer swift X to compare benchmarks?,linux_gaming
12exfp7,Change wine windows version for one game only in Lutris,linux_gaming
12f44q8,help with wifi card,linux_gaming
12e4ncz,Intel ARC a770 + NVIDIA 3090ti = <3,linux_gaming
12eq76r,Reviewing the Combined Top 5 Linux Gaming Predictions from 2022,linux_gaming
12fcfho,The Last of Us Part I got a juicy patch with Steam Deck improvements,linux_gaming
12f2ozk,"All steam games crash when I click ""Play""",linux_gaming
12etl39,Ubuntu 22.04 Lts help,linux_gaming
12f9x3f,Halo MCC Stuck on Connecting session loop,linux_gaming
12f5kox,Will Apex Legends run on Proton on Asahi Linux from Mac M2 Max?,linux_gaming
12eyifx,Arch AMD Driver,linux_gaming
12exgb8,Install Lutris Games outside of home,linux_gaming
12eio8z,CSGO (Flatpak) massive FPS lags,linux_gaming
12f5ibk,"I would like to dual boot Windows 10 22H2 and SteamOS on my Steamdeck's internal SSD, but Windows is missing drivers.",linux_gaming
12dng1v,Building Minecraft modpacks on linux?,linux_gaming
12egpd2,"Techniques to Get DX9 Games Working, The Maw in Particular?",linux_gaming
12efo0n,Hide specific gamepad from a game?,linux_gaming
12eyb0k,I need help for choose a new distro,linux_gaming
12e3fx4,Local Multiplayer,linux_gaming
12eizv4,trouble with the last update of league of legends,linux_gaming
12ed9ye,Ripping old windows games,linux_gaming
12dpm8i,"Tweaking, myth or no?",linux_gaming
12ebu0z,"Can i share my windows ""bottles"" with other users?",linux_gaming
12dos85,Suggestions for an action RPG loot game that runs on a low-end laptop?,linux_gaming
12e1cd7,link2ea not rendering,linux_gaming
12ecaeg,Ares emulator flatpak,linux_gaming
12cul5j,Halo MCC multiplayer seems to finally works on Linux,linux_gaming
12ebaut,Murnatan not running,linux_gaming
12dcsfw,"""Sam & Max Hit the Road""s source port added to Luxtorpeda for Steam",linux_gaming
12e3sak,I can't play League of legends on linux mint,linux_gaming
12e81ul,Can someone help me get a better FPS on a specific game on Ubuntu?,linux_gaming
12dl7om,Steam games launching with artifacts?,linux_gaming
12dsmbk,Video flickering on and off during games--but only on 2nd+ run through,linux_gaming
12e4rix,Is it possible to play the GOG version of Divinity 2 Definitive Ed in multiplayer?,linux_gaming
12d81jb,Moving my gaming pc from windows to Linux,linux_gaming
12ebnyo,Steam Flatpak. Tried RADV_PERFTEST=gpl with proton-ge-54 but doesnt seem to be working when compared to using it with Bottles. Please see if I did it right.,linux_gaming
12e7w5r,"Wine error: Unable to get RtlGetNtVersionNumbers, RtlImageNtHeaderEx or oNtTerminateProcess!",linux_gaming
12d6efy,why do devs rather port to mac instead of adding a linux port?,linux_gaming
12e9hak,I finally got Steam store to show all games,linux_gaming
12dzzs7,Omori on Arch Linux,linux_gaming
12e81s4,Proton refuses to function.,linux_gaming
12d2gez,OBS Studio 29.1 Beta 2 is Out and Brings Lossless Audio Recording,linux_gaming
12dvfdg,Weird fps for 7900xtx,linux_gaming
12cif6i,RADV Lands Shader Caching For Graphics Pipeline Libraries,linux_gaming
12drpvi,Is there a well known list of tweaks for gaming on any distro?,linux_gaming
12e1w57,How to run LOL on Arch Linux KDE,linux_gaming
12d50qw,"Where is this ""Weekly Tech-Support Thread""?",linux_gaming
12cu7cq,Intel Vulkan Driver Squeezes In A Few More Performance Optimizations For Mesa 23.1,linux_gaming
12cotro,"After a year of work, here's my city builder, HexLands, inspired by Civilization and Islanders! Still a lot to do, but finally it has a Steam page. Wishlist if you like it! â¤ï¸",linux_gaming
12dlgk2,Cannot get Goverlay working outside of Steam.,linux_gaming
12ck59m,Hyprland developer describes how upstreaming new protocols on Wayland is a nightmare,linux_gaming
12dugkr,Proton caused every steam game to be reinstalled,linux_gaming
12dqmd2,Forza Horizon 5 (1.57.834.0)),linux_gaming
12dgjzj,Armory crate ROG laptop,linux_gaming
12dfm8x,i dont see a game that i opened on steam in my volume for apps section,linux_gaming
12de0wm,Audio Distortion with ThermalD,linux_gaming
12ckgti,AMD Ryzen 7 7800X3D Linux Performance Review,linux_gaming
12dpkrl,Making a directory case-insensitive,linux_gaming
12dyor9,What is the best distro?,linux_gaming
12dklym,Help installing Minecraft Java 1.8.8 and JRE 1.7.0 on Wine,linux_gaming
12cn7lk,Total War: Warhammer 3 is getting free DLC alongside the Chaos Dwarfs expansion,linux_gaming
12dbn5r,trying to launch steam from flatpak,linux_gaming
12d0m2q,Noob question: MSVCR100.dll is missing,linux_gaming
12dajky,Unity In-Editor Game Player Running Extremely Slowly,linux_gaming
12d9z8s,Crusader Kings 3's second expansion promises enough pomp and circumstance to distract everyone while you 'murder a quarrelsome rival',linux_gaming
12c2502,Heroic Games Launcher 2.7.0 is Out (with Ubisoft Connect and GoG improvements),linux_gaming
12d6yzg,Debian AMD Poor 3d Performance,linux_gaming
12d90v9,Metal Gear Rising crashes on startup,linux_gaming
12bs1r3,Looks like there won't be a native linux build for EVERSPACE 2 after all,linux_gaming
12c6wwy,Is it worth replacing my Nvidia laptop with a full AMD laptop?,linux_gaming
12d2e4f,Can't switch RTX in Resident Evil 3,linux_gaming
12cdaf0,Call for testing: Elden Ring mule (save file) copier,linux_gaming
12cmnog,"Shogun Showdown: Prologue, Linux Native Version, First Minutes in-Game (Video)",linux_gaming
12cgp8q,High framerate choppy fps,linux_gaming
12cy59y,Corectrl gpu power profiles cause screen flicker,linux_gaming
12c6uyg,FPS drops? Boot issues? Maybe it's time to update your linux kernel,linux_gaming
12cfcq1,New Steam Games with Native Linux Clients with Shogun Showdown and Saga of Sins â€“ 2023-04-05 Edition,linux_gaming
12cvhjv,Fall Guys Borderless Fullscreen,linux_gaming
12day6g,Help with choosing a distro,linux_gaming
12cumn0,"Insanely slow shader compilation, poor performance",linux_gaming
12c78ec,"I'm a beginner with Linux, and I just want Monster Hunter Rise to work",linux_gaming
12ccb3z,Vulkan apps forced vsync when launched through steam-runtime,linux_gaming
12bd3sr,Godot 4.0.2-Stable is Out,linux_gaming
12cvtgm,"CS:GO launch problems since months, after it worked perfectly.",linux_gaming
12cju8n,Request for Linux distro recommendations,linux_gaming
12cjj32,Heroic launched games and Dualshock 4 bluetooth controller,linux_gaming
12btkxv,Anyone else having this annoying bug on Steam?,linux_gaming
12bkg8g,"AMDGPU_TOP v0.1.2 - switch to crossterm-backend, add simple fdinfo viewer",linux_gaming
12cr1l7,linux commands on windows,linux_gaming
12ccqlt,Crusader Kings III: Tours and Tournaments releasing May 11th,linux_gaming
12bzadv,High Refresh Rates in Mint 21.1,linux_gaming
12bfw66,"RADV Sees Experimental Fragment Shader Interlock - Important For Emulators, D3D12",linux_gaming
12c08rs,Question with regards to Linux Mint,linux_gaming
12cqd96,All I wanted is this one game. I'm done.,linux_gaming
12bbgeg,Doom 64's engine re-implementation added to Luxtorpeda for Steam,linux_gaming
12bhqnm,What is the state of using a PS5 DualSense controller vs XBox Series controllers on Linux today?,linux_gaming
12auwhe,Hell Let Loose in today Roadmap revealed they are going to support Steam Deck,linux_gaming
12cfumh,Best Linux for gaming?,linux_gaming
12bturj,Logitech G Series | Bind scroll wheel to Mouse button?,linux_gaming
12bmr9l,Steam Deck Beta Client Update: April 3rd - Brings Fixes mainly for Steam Input,linux_gaming
12c2yty,New linux running consoles / handhelds,linux_gaming
12c2b68,Bottles wont run exes from my USB?,linux_gaming
12c29uj,Hybrid graphics cant select intel on civ 5,linux_gaming
12blcal,Anyone else unable to close game properties after Steam update today?,linux_gaming
12bc6co,Razer Tartarus V2 remap keys on Linux,linux_gaming
12cb82z,Games in Docker,linux_gaming
12bnkcz,Edricks Conquest ist now on kickstarter (with native Linux Support),linux_gaming
12bfry3,Our neon-noir board game-inspired strategy game has been released! (Linux Compatible),linux_gaming
12b7k1y,What is up with the botched Steam client updates recently lol,linux_gaming
12chgw3,Doing our own distro,linux_gaming
12ayij2,My first RPG The Odarian Accounts is now available on Linux.,linux_gaming
12bo7g1,Should i use lutris proton or playonlinux?,linux_gaming
12b71nv,Hell Let Loose Coming to the Steam Deck in 2023,linux_gaming
12bmuwo,"For a Laptop which is more ""Linux mint friendly"" ?? Intel or AMD?",linux_gaming
12blpdd,Trying to install steam via flatpak,linux_gaming
12bfbgf,changing window focus when using gamescope,linux_gaming
12b5266,Controller not being recognized by the games while Steam Input is activated (but works on Steam menus),linux_gaming
12b8c9g,After steam update had steam error: Failed to load steamui.so,linux_gaming
12b0cp4,Elden Ring not launching after most recent update on Ubuntu 22. Uninstall/reinstall didn't fix,linux_gaming
12b2y1y,Shadow play alternatives,linux_gaming
12b3q9a,"Anyone using a different distro on their Steam Deck, which one?",linux_gaming
12bc27e,Arctis Pro with DAC headset not recognized on boot,linux_gaming
12azm5a,live-split-hotkeys: Working global hotkeys for LiveSplit on Linux,linux_gaming
12beqlw,A question about Gnome,linux_gaming
12bpesv,Do Linux Steam games work on Windows?,linux_gaming
12bbr7u,"Properly installing + configuring non-Steam games/launchers on the Steam Deck is not intuitive for novices or those unfamiliar with Linux, and most guides are a clusterfuck of contradictory information",linux_gaming
12atx2j,Gnome or KDE for Nvidia in 2023?,linux_gaming
12bhp46,Physx Iâ€™m Tiny Tinaâ€™s Wonderland,linux_gaming
12a7d41,Official SteamOS Release?,linux_gaming
12b9ada,Any way to improve OpenGL performance?,linux_gaming
12b96yb,keyboard problem when playing on geforce now,linux_gaming
12bc74i,Game is not launched with Proton. EndeavourOS (EVE Online),linux_gaming
12argxf,Help with performance issues in apex legends.,linux_gaming
12a2s0k,Linux GSM v23.2.0 Adds EuroTruck Simulator and American Truck Simulator Servers,linux_gaming
12az8qa,Dual monitor gaming,linux_gaming
12b4z77,Has anyone tried gaming on Clear Linux?,linux_gaming
12ax4hp,SteamVR dashboard,linux_gaming
129u4bv,Overwatch 2 works really well on GE-Proton-53,linux_gaming
129ozkh,"Could anyone help me testing my game on linux, please? (genre: management, strategy, mining, crafting, simulation)",linux_gaming
129uzpi,Play (old) Fortnite on Linux !,linux_gaming
12a6v2a,"Any DE/Compositor already enabled the ""tear protocol"" on Wayland?",linux_gaming
12avsmo,Hunt Showdown: Game Freezes,linux_gaming
12akvfx,Resident Evil 4 Chainsaw Demo - not possible to change any Settings,linux_gaming
12av3bw,Night of Revenge plugins (and possibly also mods) won't work,linux_gaming
12asluf,Forza Horizon 5 not working( stuck at loading screen),linux_gaming
12axnhz,"Please help, I tried to combine two prefix folders and now nothing I've installed via lutris will work.",linux_gaming
12b6p8j,Steam tech support fails to support their own multi-library system,linux_gaming
12anlxy,Any idear when Proton 8 will be released ?,linux_gaming
129sjyc,My solo made first person slasher is finally nearing its release date!,linux_gaming
12aiwgm,Games from Steam (Proton and Native) Lagging on a system that has enough power to run them,linux_gaming
12ahrwz,Any penguins guys using VKB,linux_gaming
12b00nj,Linux Gamer Wins World Record,linux_gaming
12aa1rk,Optimizing Minecraft FPS on Linux Mint: Tips and Troubleshooting,linux_gaming
1295eq1,"Valve Shows A Huge Drop In Linux Gamers For March, But The Numbers Are Questionable",linux_gaming
129q2st,"Gods from the Abyss, for Linux!",linux_gaming
12aolp6,Open File With Hell,linux_gaming
12abs7d,Ea app on steamdeck,linux_gaming
129gf6f,Liberating the MacBook Air 2013 with Linux â€“ Complete Guide (and overview of Gaming capabilities),linux_gaming
12a26u8,No Audio from Minecraft,linux_gaming
12a4yhl,Micro-stuttering when FPS goes below monitor refresh rate,linux_gaming
129rzqo,System stuttering and hitching.,linux_gaming
129ftuw,FNA 23.04 is out,linux_gaming
12a1nez,Edit Mangohud configs (Steam Deck),linux_gaming
129obxr,Elgato 4k60pro mk.2 problem,linux_gaming
12a5d2s,LettuceBeard error on Sea of Thieves with proton 6.3-8,linux_gaming
129vif0,Linux-gsm Webgui ?,linux_gaming
129spmp,Gaming on usb C charger,linux_gaming
129nmsz,Flight Stick/Hotas,linux_gaming
12a1nhg,Launching Ubisoft's Connect Manually,linux_gaming
128qfjp,The Murder of Sonic the Hedgehog Runs Fine on Linux with Proton (and is free),linux_gaming
129rtn5,issues with sims 4 mod folder directory (installed with flathub install of steam),linux_gaming
129xhp0,Help with steam snap xbox controller support,linux_gaming
129o3dl,"Geforce Now crisp image at first with input lag, then blurry image without input lag",linux_gaming
128p4y1,Nvidiaâ€™s GameStream is dead. Sunshine and Moonlight are great replacements.,linux_gaming
129gxgh,Best Steam Deck Games Released in the Past Week with Mr Saitou and Resident Evil 4 Remake â€“ 2023-04-02 Edition,linux_gaming
129w35d,Hunt:Showdown crashing,linux_gaming
129p27o,Getting Legion TD2 to work on Linux using Proton,linux_gaming
129nucg,Running Command &Conquer 3 (and expansion) on Fedora,linux_gaming
128uje9,Wayland & Latency - KDE Plasma,linux_gaming
1290xr4,DXVK ASYNC for DXVK 2.1 with gpl enabled (dxvk-gplasync),linux_gaming
129k578,Fall Guys Won't Work,linux_gaming
128pm51,Wine-Staging 8.5 Adds Patches To Allow Diablo IV To Run Without Errors,linux_gaming
129efv9,Any ways to avoid or limit how much time it takes to wait for vulkan shaders?,linux_gaming
129dx49,"G-sync working on one monitor, but not the other?",linux_gaming
1298ojt,Intel ARC + Nvidia render offloading issues.,linux_gaming
129hl7p,Sim Racing Pedals in ACC,linux_gaming
129hihv,Dota 2 won't launch,linux_gaming
129hbg4,Sonic Frontiers abismal performance,linux_gaming
1287prq,Wine 8.5 Released,linux_gaming
128jd2a,The Wine development release 8.5 is now available,linux_gaming
128wlze,How do Install RX 7000 Series on Arch Linux,linux_gaming
128vivk,Hey everyone! Introducing Grabbing & Basic Elemental Interaction System in Our Game with native Linux support,linux_gaming
128otxa,DOSBox-X New Release 2023.03.31,linux_gaming
128xq4s,Dual Boot Win10 and Linux,linux_gaming
12940vm,source engine doesn't work well on fedora?,linux_gaming
128zr8h,Latest proprietary Nvidia drivers 530 broke my ability to game on Fedora,linux_gaming
1297b2q,Steam Hardware Survey March 2023: Linux down -0.54%,linux_gaming
1296jxc,Cannot get Cyberpunk 2077 DLSS 3 to work with rtx 4090 - Steam version,linux_gaming
127l3e0,"Asahi Linux GPU drivers now capable of playing multiple ""Windows-Only"" 3D-accelerated games via Proton",linux_gaming
128svme,Can't run Project Zomboid at all.,linux_gaming
128dc32,"""Deep Sky Derelicts"" giveaway until 3rd Apr 2023, 13:00 GTM",linux_gaming
128pdt5,Unable to Start Among Us,linux_gaming
1293b3v,My system keeps freezing for seemingly no reason,linux_gaming
129099u,.Deb and Flatpak heroic issues,linux_gaming
128tt8e,Opentrack with TruckersMP on Linux,linux_gaming
128z27z,Mouse showing in Overwatch 2,linux_gaming
128z1p0,Legacy Games Launcher on Lutris,linux_gaming
128odve,RE4 frustrating no Fullscreen,linux_gaming
128x1xp,I need help getting Mod Organizer 2 working on Kubuntu,linux_gaming
128n3dl,Gaming on Linux EP#83: Veiled Experts | Final Beta | 3700X 6600XT,linux_gaming
128w6os,Resident Evil 4 crashing on menu,linux_gaming
128g5zg,Anyone else getting weird texture pop in TLOU ?,linux_gaming
128vl0x,Heroic Launcher was not working great for me. While pirated version is working flawlessly.,linux_gaming
128v69j,Getting a better video card to play Doom Eternal,linux_gaming
128uk5u,CS:GO 20 fps Arch Linux,linux_gaming
128eaq0,Higurashi When They Cry Hou - Ch.1 Onikakushi on Android with Fex-emu !,linux_gaming
128sm6l,Graphical issues on Arch when using Nvidia drivers?,linux_gaming
128mk7c,Gulikit KingKong 2 pro controller - always actuated triggers,linux_gaming
128rnnw,Wait! What? What? What???,linux_gaming
1284to1,Latest Steam update makes the Steam UI huge on my 4K monitor,linux_gaming
127ef8q,HDMI 2.1 is coming,linux_gaming
127jeqy,"The man, the myth, the RADV developer/blogger",linux_gaming
128vlgc,Free game,linux_gaming
1290f26,best distro for gaming with proton?,linux_gaming
127kv65,Vulkan 1.3.246 Released With VK_EXT_shader_object,linux_gaming
128gzki,Resident Evil 4 Remake and Resident Evil 8 Freezing at random points in gameplay,linux_gaming
128a195,Unable to run Jackbox Party Pack 2 in MX Linux,linux_gaming
127pr28,Is it possible to turn on a pc with a ps4 controller,linux_gaming
128cq5z,Trouble running Titanfall 2 with NorthStar,linux_gaming
127t230,Gamepad viewer / Joystick display for Linux?,linux_gaming
127t1cu,Why does DXVK have such good performance?,linux_gaming
127uwuc,"Vulkan Support for older PC games (e.g. Warcraft 3, Starcraft etc.)",linux_gaming
127ecek,Immutable Linux Distributions for Those Looking to Embrace the Future,linux_gaming
128rdih,Valve Sent Me a Steam Deck 2 Prototype!,linux_gaming
126oy7t,The Pale Beyond sold 10% of copies on Linux,linux_gaming
